Timestamp,Count
02-10-2023 18:43,0
02-10-2023 18:43,1
02-10-2023 18:43,1
02-10-2023 18:43,1
02-10-2023 18:43,1
02-10-2023 18:43,1
02-10-2023 18:43,1
02-10-2023 18:43,1
02-10-2023 18:43,1
02-10-2023 18:43,1
02-10-2023 18:43,1
02-10-2023 18:43,1
02-10-2023 18:43,1
02-10-2023 18:43,1
02-10-2023 18:43,1
02-10-2023 18:43,1
02-10-2023 18:43,1
02-10-2023 18:43,1
02-10-2023 18:43,1
02-10-2023 18:43,1
02-10-2023 18:43,1
02-10-2023 18:43,1
02-10-2023 18:43,1
02-10-2023 18:43,1
02-10-2023 18:43,1
02-10-2023 18:43,1
02-10-2023 18:43,1
02-10-2023 18:43,1
02-10-2023 18:43,1
02-10-2023 18:43,1
02-10-2023 18:43,1
02-10-2023 18:43,1
02-10-2023 18:43,1
02-10-2023 18:43,1
02-10-2023 18:43,1
02-10-2023 18:43,1
02-10-2023 18:43,1
02-10-2023 18:43,1
02-10-2023 18:43,1
02-10-2023 18:43,1
02-10-2023 18:43,1
02-10-2023 18:43,1
02-10-2023 18:43,1
02-10-2023 18:43,1
02-10-2023 18:52,0
02-10-2023 18:52,1
02-10-2023 18:52,1
02-10-2023 18:52,1
02-10-2023 18:52,1
02-10-2023 18:52,1
02-10-2023 18:52,1
02-10-2023 18:52,1
02-10-2023 18:52,1
02-10-2023 18:52,1
02-10-2023 18:52,1
02-10-2023 18:52,1
02-10-2023 18:52,1
02-10-2023 18:52,1
02-10-2023 18:52,1
02-10-2023 18:52,1
02-10-2023 18:52,1
02-10-2023 18:52,1
02-10-2023 18:52,1
02-10-2023 18:52,1
02-10-2023 18:52,1
02-10-2023 18:52,1
02-10-2023 18:52,1
02-10-2023 18:52,1
02-10-2023 18:52,1
02-10-2023 18:52,1
02-10-2023 18:52,1
02-10-2023 18:52,1
02-10-2023 18:52,1
02-10-2023 18:52,1
02-10-2023 18:52,1
02-10-2023 18:52,1
02-10-2023 18:52,1
02-10-2023 18:52,1
02-10-2023 18:52,1
02-10-2023 18:52,1
02-10-2023 18:52,1
02-10-2023 18:52,1
02-10-2023 18:52,1
02-10-2023 18:52,1
02-10-2023 18:52,1
02-10-2023 18:52,1
02-10-2023 18:52,1
2023-10-02 19:05:27,0
2023-10-02 19:05:29,1
2023-10-02 19:05:30,1
2023-10-02 19:05:30,1
2023-10-02 19:05:30,1
2023-10-02 19:05:30,1
2023-10-02 19:05:30,1
2023-10-02 19:05:30,1
2023-10-02 19:05:31,1
2023-10-02 19:05:31,1
2023-10-02 19:05:31,1
2023-10-02 19:05:31,1
2023-10-02 19:05:31,1
2023-10-02 19:05:31,1
2023-10-02 19:05:32,1
2023-10-02 19:05:32,1
2023-10-02 19:05:32,1
2023-10-02 19:05:32,1
2023-10-02 19:05:32,1
2023-10-02 19:05:32,1
2023-10-02 19:05:32,1
2023-10-02 19:05:33,1
2023-10-02 19:05:33,1
2023-10-02 19:05:33,1
2023-10-02 19:05:33,1
2023-10-02 19:05:33,1
2023-10-02 19:05:33,1
2023-10-02 19:05:34,1
2023-10-02 19:05:34,1
2023-10-02 19:05:34,1
2023-10-02 19:05:34,1
2023-10-02 19:05:34,1
2023-10-02 19:05:34,1
2023-10-02 19:05:34,1
2023-10-02 19:05:34,1
2023-10-02 19:05:35,1
2023-10-02 19:05:35,1
2023-10-02 19:05:35,1
2023-10-02 19:05:35,1
2023-10-02 19:05:35,1
2023-10-02 19:05:35,1
2023-10-02 19:05:35,1
2023-10-02 19:05:36,1
2023-10-02 19:05:36,1
2023-10-02 19:05:36,1
2023-10-02 19:05:36,1
2023-10-02 19:05:36,1
2023-10-02 19:05:36,1
2023-10-02 19:05:36,1
2023-10-02 19:05:36,1
2023-10-02 19:05:37,1
2023-10-02 19:05:37,1
2023-10-02 19:05:37,1
2023-10-02 19:05:37,1
2023-10-02 19:05:37,1
2023-10-02 19:05:37,1
2023-10-02 19:05:37,1
2023-10-02 19:05:38,1
2023-10-02 19:05:38,1
2023-10-02 19:05:38,1
2023-10-02 19:05:38,1
2023-10-02 19:05:38,1
2023-10-02 19:05:38,1
2023-10-02 19:05:38,1
2023-10-02 19:05:39,1
2023-10-02 19:05:39,1
2023-10-02 19:05:39,1
2023-10-02 19:05:39,1
2023-10-02 19:05:39,1
2023-10-02 19:05:39,1
2023-10-02 19:05:39,1
2023-10-02 19:05:40,1
2023-10-02 19:05:40,1
2023-10-02 19:05:40,1
2023-10-02 19:05:40,1
2023-10-02 19:05:40,1
2023-10-02 19:05:40,1
2023-10-02 19:05:40,1
2023-10-02 19:05:40,1
2023-10-02 19:05:41,1
2023-10-02 19:05:41,1
2023-10-02 19:05:41,1
2023-10-02 19:05:41,1
2023-10-02 19:05:41,1
2023-10-02 19:05:41,1
2023-10-02 19:05:41,1
2023-10-02 19:05:42,1
2023-10-02 19:05:42,1
2023-10-02 19:05:42,1
2023-10-02 19:05:42,1
2023-10-02 19:05:42,1
2023-10-02 19:05:42,1
2023-10-02 19:05:42,1
2023-10-02 19:05:43,1
2023-10-02 19:05:43,1
2023-10-02 19:05:43,1
2023-10-02 19:05:43,1
2023-10-02 19:05:43,1
2023-10-02 19:05:43,1
2023-10-02 19:05:43,1
2023-10-02 19:05:44,1
2023-10-02 19:05:44,1
2023-10-02 19:05:44,1
2023-10-02 19:05:44,1
2023-10-02 19:05:44,1
2023-10-02 19:05:44,1
2023-10-02 19:05:45,1
2023-10-02 19:05:45,1
2023-10-02 19:05:45,1
2023-10-02 19:08:25,0
2023-10-02 19:08:28,1
2023-10-02 19:08:28,1
2023-10-02 19:08:28,1
2023-10-02 19:08:28,1
2023-10-02 19:08:28,1
2023-10-02 19:08:29,1
2023-10-02 19:08:29,1
2023-10-02 19:08:29,1
2023-10-02 19:08:29,1
2023-10-02 19:08:29,1
2023-10-02 19:08:30,1
2023-10-02 19:08:30,1
2023-10-02 19:08:30,1
2023-10-02 19:08:30,1
2023-10-02 19:08:30,1
2023-10-02 19:08:31,1
2023-10-02 19:08:31,1
2023-10-02 19:08:31,1
2023-10-02 19:08:31,1
2023-10-02 19:08:31,1
2023-10-02 19:08:32,1
2023-10-02 19:08:32,1
2023-10-02 19:08:32,1
2023-10-02 19:08:32,1
2023-10-02 19:08:32,1
2023-10-02 19:08:32,1
2023-10-02 19:08:33,1
2023-10-02 19:08:33,1
2023-10-02 19:08:33,1
2023-10-02 19:08:33,1
2023-10-02 19:08:33,1
2023-10-02 19:08:33,1
2023-10-02 19:08:34,1
2023-10-02 19:08:34,1
2023-10-02 19:08:34,1
2023-10-02 19:08:34,1
2023-10-02 19:08:34,1
2023-10-02 19:08:34,1
2023-10-02 19:08:35,1
2023-10-02 19:08:35,1
2023-10-02 19:08:35,1
2023-10-02 19:08:35,1
2023-10-02 19:08:35,1
2023-10-02 19:08:35,1
2023-10-02 19:08:36,1
2023-10-02 19:08:36,1
2023-10-02 19:08:36,1
2023-10-02 19:08:36,1
2023-10-02 19:08:36,1
2023-10-02 19:08:36,1
2023-10-02 19:08:37,1
2023-10-02 19:08:37,1
2023-10-02 19:08:37,1
2023-10-02 19:08:37,1
2023-10-02 19:08:37,1
2023-10-02 19:08:37,1
2023-10-02 19:08:38,1
2023-10-02 19:08:38,1
2023-10-02 19:08:38,1
2023-10-02 19:08:38,1
2023-10-02 19:08:38,1
2023-10-02 19:08:38,1
2023-10-02 19:08:39,1
2023-10-02 19:08:39,1
2023-10-02 19:08:39,1
2023-10-02 19:08:39,1
2023-10-02 19:08:39,1
2023-10-02 19:08:39,1
2023-10-02 19:08:40,1
2023-10-02 19:08:40,1
2023-10-02 19:08:40,1
2023-10-02 19:08:40,1
2023-10-02 19:08:40,1
2023-10-02 19:08:40,1
2023-10-02 19:08:41,1
2023-10-02 19:08:41,1
2023-10-02 19:08:41,1
2023-10-02 19:08:41,1
2023-10-02 19:08:41,1
2023-10-02 19:08:41,1
2023-10-02 19:08:42,1
2023-10-02 19:08:42,1
2023-10-02 19:08:42,1
2023-10-02 19:08:42,1
2023-10-02 19:08:42,1
2023-10-02 19:08:43,1
2023-10-02 19:08:43,1
2023-10-02 19:08:43,1
2023-10-02 19:08:43,1
2023-10-02 19:08:43,1
2023-10-02 19:08:44,1
2023-10-02 19:08:44,1
2023-10-02 19:08:44,1
2023-10-02 19:08:44,1
2023-10-02 19:08:44,1
2023-10-02 19:08:45,1
2023-10-02 19:08:45,1
2023-10-02 19:08:45,1
2023-10-02 19:08:45,1
2023-10-02 19:08:45,1
2023-10-02 19:08:46,1
2023-10-02 19:08:46,1
2023-10-02 19:08:46,1
2023-10-02 19:08:46,1
2023-10-02 19:08:46,1
2023-10-02 19:08:47,1
2023-10-02 19:08:47,1
2023-10-02 19:08:47,1
2023-10-02 19:08:47,1
2023-10-02 19:08:48,1
2023-10-02 19:08:48,1
2023-10-02 19:08:48,1
2023-10-02 19:08:48,1
2023-10-02 19:08:49,1
2023-10-02 19:08:49,1
2023-10-02 19:08:49,1
2023-10-02 19:08:49,1
2023-10-02 19:08:49,1
2023-10-02 19:08:50,1
2023-10-02 19:08:50,1
2023-10-02 19:08:50,1
2023-10-02 21:59:39,0
2023-10-02 21:59:42,1
2023-10-02 21:59:42,1
2023-10-02 21:59:42,1
2023-10-02 21:59:43,1
2023-10-02 21:59:43,1
2023-10-02 21:59:44,1
2023-10-02 21:59:44,1
2023-10-02 21:59:44,1
2023-10-02 21:59:45,1
2023-10-02 21:59:45,1
2023-10-02 21:59:45,1
2023-10-02 21:59:46,1
2023-10-02 21:59:46,1
2023-10-02 21:59:46,1
2023-10-02 21:59:47,1
2023-10-02 21:59:47,1
2023-10-02 21:59:47,1
2023-10-02 21:59:48,1
2023-10-02 21:59:48,1
2023-10-02 21:59:48,1
2023-10-02 21:59:49,1
2023-10-02 21:59:49,1
2023-10-02 21:59:50,1
2023-10-02 21:59:50,1
2023-10-02 21:59:50,1
2023-10-02 21:59:51,1
2023-10-02 21:59:51,1
2023-10-02 21:59:51,1
2023-10-02 21:59:52,1
2023-10-02 21:59:52,1
2023-10-02 21:59:52,1
2023-10-02 21:59:53,1
2023-10-02 21:59:53,1
2023-10-02 22:13:00,0
2023-10-02 22:13:03,1
2023-10-02 22:13:03,1
2023-10-02 22:13:04,1
2023-10-02 22:13:04,1
2023-10-02 22:13:04,1
2023-10-02 22:13:04,1
2023-10-02 22:13:04,1
2023-10-02 22:13:05,1
2023-10-02 22:13:05,1
2023-10-02 22:13:05,1
2023-10-02 22:13:05,1
2023-10-02 22:13:05,1
2023-10-02 22:13:06,1
2023-10-02 22:13:06,1
2023-10-02 22:13:06,1
2023-10-02 22:13:06,1
2023-10-02 22:13:06,1
2023-10-02 22:13:07,1
2023-10-02 22:13:07,1
2023-10-02 22:13:07,1
2023-10-02 22:13:07,1
2023-10-02 22:13:07,1
2023-10-02 22:13:07,1
2023-10-02 22:13:08,1
2023-10-02 22:13:08,1
2023-10-02 22:13:08,1
2023-10-02 22:13:08,1
2023-10-02 22:13:08,1
2023-10-02 22:13:09,1
2023-10-02 22:13:09,1
2023-10-02 22:13:09,1
2023-10-02 22:13:09,1
2023-10-02 22:13:09,1
2023-10-02 22:13:10,1
2023-10-02 22:13:10,1
2023-10-02 22:13:10,1
2023-10-02 22:13:10,1
2023-10-02 22:13:10,1
2023-10-02 22:13:10,1
2023-10-02 22:13:11,1
2023-10-02 22:13:11,1
2023-10-02 22:13:11,1
2023-10-02 22:13:11,1
2023-10-02 22:13:11,1
2023-10-02 22:13:12,1
2023-10-02 22:13:12,1
2023-10-02 22:13:12,1
2023-10-02 22:13:12,1
2023-10-02 22:13:12,1
2023-10-02 22:13:12,1
2023-10-02 22:13:13,1
2023-10-02 22:13:13,1
2023-10-02 22:13:13,1
2023-10-02 22:13:13,1
2023-10-02 22:13:13,1
2023-10-02 22:13:14,1
2023-10-02 22:13:14,1
2023-10-02 22:13:14,1
2023-10-02 22:13:14,1
2023-10-02 22:13:14,1
2023-10-02 22:13:15,1
2023-10-02 22:13:15,1
2023-10-02 22:13:15,1
2023-10-02 22:13:15,1
2023-10-02 22:13:15,1
2023-10-02 22:13:15,1
2023-10-02 22:13:16,1
2023-10-02 22:13:16,1
2023-10-02 22:13:16,1
2023-10-02 22:13:16,1
2023-10-02 22:13:16,1
2023-10-02 22:13:17,1
2023-10-02 22:13:17,1
2023-10-02 22:13:17,1
2023-10-02 22:13:17,1
2023-10-02 22:13:18,1
2023-10-02 22:13:18,1
2023-10-02 22:13:18,1
2023-10-02 22:13:18,1
2023-10-02 22:13:18,1
2023-10-02 22:13:18,1
2023-10-02 22:13:19,1
2023-10-02 22:13:19,1
2023-10-02 22:13:19,1
2023-10-02 22:13:19,1
2023-10-02 22:13:19,1
2023-10-02 22:13:20,1
2023-10-02 22:13:20,1
2023-10-02 22:13:20,1
2023-10-02 22:13:20,1
2023-10-02 22:13:20,1
2023-10-02 22:13:21,1
2023-10-02 22:13:21,1
2023-10-02 22:13:21,1
2023-10-02 22:13:21,1
2023-10-02 22:13:21,1
2023-10-02 22:13:22,1
2023-10-02 22:13:22,1
2023-10-02 22:13:22,1
2023-10-02 22:13:22,1
2023-10-02 22:13:22,1
2023-10-02 22:13:22,1
2023-10-02 22:13:23,1
2023-10-02 22:13:23,1
2023-10-02 22:13:23,1
2023-10-02 22:13:23,1
2023-10-02 22:13:23,1
2023-10-02 22:13:24,1
2023-10-02 22:13:24,1
2023-10-02 22:13:24,1
2023-10-02 22:13:24,1
2023-10-02 22:13:25,1
2023-10-02 22:13:25,1
2023-10-02 22:13:25,1
2023-10-02 22:13:25,1
2023-10-02 22:13:26,1
2023-10-02 22:13:26,1
2023-10-02 22:13:26,1
2023-10-02 22:13:26,1
2023-10-02 22:13:26,1
2023-10-02 22:13:26,1
2023-10-02 22:13:27,1
2023-10-02 22:13:27,1
2023-10-02 22:13:27,1
2023-10-02 22:13:27,1
2023-10-02 22:13:28,1
2023-10-02 22:13:28,1
2023-10-02 22:13:28,1
2023-10-02 22:13:28,1
2023-10-02 22:13:28,1
2023-10-02 22:13:29,1
2023-10-02 22:13:29,1
2023-10-02 22:13:29,1
2023-10-02 22:13:29,1
2023-10-02 22:13:30,1
2023-10-02 22:13:30,1
2023-10-02 22:13:30,1
2023-10-02 22:13:30,1
2023-10-02 22:13:30,1
2023-10-02 22:17:40,5
2023-10-02 22:17:42,1
2023-10-02 22:17:43,1
2023-10-02 22:17:43,1
2023-10-02 22:17:43,1
2023-10-02 22:17:43,1
2023-10-02 22:17:43,1
2023-10-02 22:17:44,1
2023-10-02 22:17:44,1
2023-10-02 22:17:44,1
2023-10-02 22:17:44,1
2023-10-02 22:17:44,1
2023-10-02 22:17:45,1
2023-10-02 22:17:45,1
2023-10-02 22:17:45,1
2023-10-02 22:17:45,1
2023-10-02 22:17:45,1
2023-10-02 22:17:46,1
2023-10-02 22:17:46,1
2023-10-02 22:17:46,1
2023-10-02 22:17:46,1
2023-10-02 22:17:46,1
2023-10-02 22:17:47,1
2023-10-02 22:17:47,1
2023-10-02 22:17:47,1
2023-10-02 22:17:47,1
2023-10-02 22:17:47,1
2023-10-02 22:17:48,1
2023-10-02 22:17:48,1
2023-10-02 22:17:48,1
2023-10-02 22:17:48,1
2023-10-02 22:17:48,1
2023-10-02 22:17:49,1
2023-10-02 22:17:49,1
2023-10-02 22:17:49,1
2023-10-02 22:17:49,1
2023-10-02 22:17:50,1
2023-10-02 22:17:50,1
2023-10-02 22:17:50,1
2023-10-02 22:17:50,1
2023-10-02 22:17:51,1
2023-10-02 22:17:51,1
2023-10-02 22:17:51,1
2023-10-02 22:17:51,1
2023-10-02 22:17:51,1
2023-10-02 22:17:52,1
2023-10-02 22:17:52,1
2023-10-02 22:17:52,1
2023-10-02 22:17:52,1
2023-10-02 22:17:52,1
2023-10-02 22:17:52,1
2023-10-02 22:17:53,1
2023-10-02 22:17:53,1
2023-10-02 22:17:53,1
2023-10-02 22:17:53,1
2023-10-02 22:17:53,1
2023-10-02 22:17:54,1
2023-10-02 22:17:54,1
2023-10-02 22:17:54,1
2023-10-02 22:17:54,1
2023-10-02 22:17:54,1
2023-10-02 22:17:55,1
2023-10-02 22:17:55,1
2023-10-02 22:17:55,1
2023-10-02 22:17:55,1
2023-10-02 22:17:55,1
2023-10-02 22:17:56,1
2023-10-02 22:17:56,1
2023-10-02 22:17:56,1
2023-10-02 22:17:56,1
2023-10-02 22:17:56,1
2023-10-02 22:17:57,1
2023-10-02 22:17:57,1
2023-10-02 22:17:57,1
2023-10-02 22:17:57,1
2023-10-02 22:17:57,1
2023-10-02 22:17:58,1
2023-10-02 22:17:58,1
2023-10-02 22:17:58,1
2023-10-02 22:17:58,1
2023-10-02 22:17:58,1
2023-10-02 22:17:59,1
2023-10-02 22:17:59,1
2023-10-02 22:17:59,1
2023-10-02 22:17:59,1
2023-10-02 22:17:59,1
2023-10-02 22:18:00,1
2023-10-02 22:18:00,1
2023-10-02 22:18:00,1
2023-10-02 22:18:00,1
2023-10-02 22:18:01,1
2023-10-02 22:18:01,1
2023-10-02 22:18:01,1
2023-10-02 22:18:01,1
2023-10-02 22:18:01,1
2023-10-02 22:18:01,1
2023-10-02 22:18:02,1
2023-10-02 22:18:02,1
2023-10-02 22:18:02,1
2023-10-02 22:18:02,1
2023-10-02 22:18:03,1
2023-10-02 22:18:03,1
2023-10-02 22:18:03,1
2023-10-02 22:18:03,1
2023-10-02 22:18:04,1
2023-10-02 22:18:04,1
2023-10-02 22:18:04,1
2023-10-02 22:18:04,1
2023-10-02 22:18:04,1
2023-10-02 22:18:04,1
2023-10-02 22:18:05,1
2023-10-02 22:18:05,1
2023-10-02 22:18:05,1
2023-10-02 22:18:05,1
2023-10-02 22:18:05,1
2023-10-02 22:18:06,1
2023-10-02 22:18:06,1
2023-10-02 22:18:06,1
2023-10-02 22:18:06,1
2023-10-02 22:18:07,1
2023-10-02 22:18:07,1
2023-10-02 22:18:07,1
2023-10-02 22:18:07,1
2023-10-02 22:18:07,1
2023-10-02 22:18:08,1
2023-10-02 22:18:08,1
2023-10-02 22:18:08,1
2023-10-02 22:18:08,1
2023-10-02 22:18:09,1
2023-10-02 22:18:09,1
2023-10-02 22:18:09,1
2023-10-02 22:18:09,1
2023-10-02 22:18:09,1
2023-10-02 22:18:10,1
2023-10-02 22:18:10,1
2023-10-02 22:18:10,1
2023-10-02 22:18:10,1
2023-10-02 22:18:11,1
2023-10-02 22:18:11,1
2023-10-02 22:18:11,1
2023-10-02 22:18:11,1
2023-10-02 22:18:11,1
2023-10-02 22:18:12,1
2023-10-02 22:18:12,1
2023-10-02 22:18:12,1
2023-10-02 22:18:12,1
2023-10-02 22:18:12,1
2023-10-02 22:18:13,1
2023-10-02 22:18:13,1
2023-10-02 22:18:13,1
2023-10-02 22:18:13,1
2023-10-02 22:18:13,1
2023-10-02 22:18:14,1
2023-10-02 22:18:14,1
2023-10-02 22:18:14,1
2023-10-02 22:18:14,1
2023-10-02 22:18:14,1
2023-10-02 22:18:15,1
2023-10-02 22:18:15,1
2023-10-02 22:18:15,1
2023-10-02 22:18:15,1
2023-10-02 22:18:15,1
2023-10-02 22:18:16,1
2023-10-02 22:18:16,1
2023-10-02 22:18:16,1
2023-10-02 22:18:16,1
2023-10-02 22:18:16,1
2023-10-02 22:18:17,1
2023-10-02 22:18:17,1
2023-10-02 22:18:17,1
2023-10-02 22:18:17,1
2023-10-02 22:18:17,1
2023-10-02 22:18:18,1
2023-10-02 22:18:18,1
2023-10-02 22:18:18,1
2023-10-02 22:18:18,1
2023-10-02 22:18:19,1
2023-10-02 22:18:19,1
2023-10-02 22:18:19,1
2023-10-02 22:18:19,1
2023-10-02 22:18:19,1
2023-10-02 22:18:19,1
2023-10-02 22:18:20,1
2023-10-02 22:18:20,1
2023-10-02 22:18:20,1
2023-10-02 22:18:20,1
2023-10-02 22:18:20,1
2023-10-02 22:18:21,1
2023-10-02 22:18:21,1
2023-10-02 22:18:21,1
2023-10-02 22:18:21,1
2023-10-02 22:18:22,1
2023-10-02 22:18:22,1
2023-10-02 22:18:22,1
2023-10-02 22:18:22,1
2023-10-02 22:18:22,1
2023-10-02 22:18:23,1
2023-10-02 22:18:23,1
2023-10-02 22:18:23,1
2023-10-02 22:18:23,1
2023-10-02 22:18:23,1
2023-10-02 22:18:24,1
2023-10-02 22:18:24,1
2023-10-02 22:18:24,1
2023-10-02 22:18:24,1
2023-10-02 22:18:24,1
2023-10-02 22:18:25,1
2023-10-02 22:18:25,1
2023-10-02 22:18:25,1
2023-10-02 22:18:25,1
2023-10-02 22:18:25,1
2023-10-02 22:18:26,1
2023-10-02 22:18:26,1
2023-10-02 22:18:26,1
2023-10-02 22:18:26,1
2023-10-02 22:18:26,1
2023-10-02 22:18:27,1
2023-10-02 22:18:27,1
2023-10-02 22:18:27,1
2023-10-02 22:18:27,1
2023-10-02 22:18:27,1
2023-10-02 22:18:28,1
2023-10-02 22:18:28,1
2023-10-02 22:18:28,1
2023-10-02 22:18:28,1
2023-10-02 22:18:28,1
2023-10-02 22:18:29,1
2023-10-02 22:18:29,1
2023-10-02 22:18:29,1
2023-10-02 22:18:29,1
2023-10-02 22:18:30,1
2023-10-02 22:18:30,1
2023-10-02 22:18:30,1
2023-10-02 22:18:30,1
2023-10-02 22:18:30,1
2023-10-02 22:18:31,1
2023-10-02 22:18:31,1
2023-10-02 22:18:31,1
2023-10-02 22:18:31,1
2023-10-02 22:18:31,1
2023-10-02 22:18:32,1
2023-10-02 22:18:32,1
2023-10-02 22:18:32,1
2023-10-02 22:18:32,1
2023-10-02 22:18:32,1
2023-10-02 22:18:33,1
2023-10-02 22:18:33,1
2023-10-02 22:18:33,1
2023-10-02 22:18:33,1
2023-10-02 22:18:33,1
2023-10-02 22:18:34,1
2023-10-02 22:18:34,1
2023-10-02 22:18:34,1
2023-10-02 22:18:34,1
2023-10-02 22:18:35,1
2023-10-02 22:18:35,1
2023-10-02 22:18:35,1
2023-10-02 22:18:35,1
2023-10-02 22:18:35,1
2023-10-02 22:18:36,1
2023-10-02 22:18:36,1
2023-10-02 22:18:36,1
2023-10-02 22:18:36,1
2023-10-02 22:18:36,1
2023-10-02 22:18:37,1
2023-10-02 22:18:37,1
2023-10-02 22:18:37,1
2023-10-02 22:18:37,1
2023-10-02 22:18:37,1
2023-10-02 22:18:38,1
2023-10-02 22:18:38,1
2023-10-02 22:18:38,1
2023-10-02 22:18:38,1
2023-10-02 22:18:38,1
2023-10-02 22:18:39,1
2023-10-02 22:18:39,1
2023-10-02 22:18:39,1
2023-10-02 22:18:39,1
2023-10-02 22:18:39,1
2023-10-02 22:18:40,1
2023-10-02 22:18:40,1
2023-10-02 22:18:40,1
2023-10-02 22:18:41,1
2023-10-02 22:18:41,1
2023-10-02 22:18:41,1
2023-10-02 22:18:41,1
2023-10-02 22:18:41,1
2023-10-02 22:18:42,1
2023-10-02 22:18:42,1
2023-10-02 22:18:42,1
2023-10-02 22:18:42,1
2023-10-02 22:18:43,1
2023-10-02 22:18:43,1
2023-10-02 22:18:43,1
2023-10-02 22:18:43,1
2023-10-02 22:18:43,1
2023-10-02 22:18:44,1
2023-10-02 22:18:44,1
2023-10-02 22:18:44,1
2023-10-02 22:18:44,1
2023-10-02 22:18:44,1
2023-10-02 22:18:45,1
2023-10-02 22:18:45,1
2023-10-02 22:18:45,1
2023-10-02 22:18:45,1
2023-10-02 22:18:45,1
2023-10-02 22:18:46,1
2023-10-02 22:18:46,1
2023-10-02 22:18:46,1
2023-10-02 22:18:46,1
2023-10-02 22:18:46,1
2023-10-02 22:18:47,1
2023-10-02 22:18:47,1
2023-10-02 22:18:47,1
2023-10-02 22:18:47,1
2023-10-02 22:18:48,1
2023-10-02 22:18:48,1
2023-10-02 22:18:48,1
2023-10-02 22:18:48,1
2023-10-02 22:18:48,1
2023-10-02 22:18:49,1
2023-10-02 22:18:49,1
2023-10-02 22:18:49,1
2023-10-02 22:18:49,1
2023-10-02 22:18:49,1
2023-10-02 22:18:50,1
2023-10-02 22:18:50,1
2023-10-02 22:18:50,1
2023-10-02 22:18:50,1
2023-10-02 22:18:51,1
2023-10-02 22:18:51,1
2023-10-02 22:18:51,1
2023-10-02 22:18:51,1
2023-10-02 22:18:51,1
2023-10-02 22:18:52,1
2023-10-02 22:18:52,1
2023-10-02 22:18:52,1
2023-10-02 22:18:52,1
2023-10-02 22:18:53,1
2023-10-02 22:18:53,1
2023-10-02 22:18:53,1
2023-10-02 22:18:53,1
2023-10-02 22:18:54,1
2023-10-02 22:18:54,1
2023-10-02 22:18:54,1
2023-10-02 22:18:54,1
2023-10-02 22:18:54,1
2023-10-02 22:18:55,1
2023-10-02 22:18:55,1
2023-10-02 22:18:55,1
2023-10-02 22:18:55,1
2023-10-02 22:18:56,1
2023-10-02 22:18:56,1
2023-10-02 22:18:56,1
2023-10-02 22:18:56,1
2023-10-02 22:18:56,1
2023-10-02 22:18:57,1
2023-10-02 22:18:57,1
2023-10-02 22:18:57,1
2023-10-02 22:18:57,1
2023-10-02 22:18:58,1
2023-10-02 22:18:58,1
2023-10-02 22:18:58,1
2023-10-02 22:18:58,1
2023-10-02 22:18:59,1
2023-10-02 22:18:59,1
2023-10-02 22:18:59,1
2023-10-02 22:18:59,1
2023-10-02 22:19:00,1
2023-10-02 22:19:00,1
2023-10-02 22:19:00,1
2023-10-02 22:19:01,1
2023-10-02 22:19:01,1
2023-10-02 22:19:01,1
2023-10-02 22:19:01,1
2023-10-02 22:19:01,1
2023-10-02 22:19:02,1
2023-10-02 22:19:02,1
2023-10-02 22:19:02,1
2023-10-02 22:19:02,1
2023-10-02 22:19:03,1
2023-10-02 22:19:03,1
2023-10-02 22:19:03,1
2023-10-02 22:19:03,1
2023-10-02 22:19:03,1
2023-10-02 22:19:04,1
2023-10-02 22:19:04,1
2023-10-02 22:19:04,1
2023-10-02 22:19:04,1
2023-10-02 22:19:05,1
2023-10-02 22:19:05,1
2023-10-02 22:19:05,1
2023-10-02 22:19:05,1
2023-10-02 22:19:05,1
2023-10-02 22:19:05,1
2023-10-02 22:19:06,1
2023-10-02 22:19:06,1
2023-10-02 22:19:06,1
2023-10-02 22:19:06,1
2023-10-02 22:19:06,1
2023-10-02 22:19:07,1
2023-10-02 22:19:07,1
2023-10-02 22:19:07,1
2023-10-02 22:19:07,1
2023-10-02 22:19:07,1
2023-10-02 22:19:08,1
2023-10-02 22:19:08,1
2023-10-02 22:19:08,1
2023-10-02 22:19:08,1
2023-10-02 22:19:08,1
2023-10-02 22:19:08,1
2023-10-02 22:19:09,1
2023-10-02 22:19:09,1
2023-10-02 22:19:09,1
2023-10-02 22:19:09,1
2023-10-02 22:19:09,1
2023-10-02 22:19:10,1
2023-10-02 22:19:10,1
2023-10-02 22:19:10,1
2023-10-02 22:19:10,1
2023-10-02 22:19:10,1
2023-10-02 22:19:11,1
2023-10-02 22:19:11,1
2023-10-02 22:19:11,1
2023-10-02 22:19:11,1
2023-10-02 22:19:11,1
2023-10-02 22:19:12,1
2023-10-02 22:19:12,1
2023-10-02 22:19:12,1
2023-10-02 22:19:13,1
2023-10-02 22:19:13,1
2023-10-02 22:19:13,1
2023-10-02 22:19:13,1
2023-10-02 22:19:13,1
2023-10-02 22:19:14,1
2023-10-02 22:19:14,1
2023-10-02 22:19:14,1
2023-10-02 22:19:14,1
2023-10-02 22:19:15,1
2023-10-02 22:19:15,1
2023-10-02 22:19:15,1
2023-10-02 22:19:15,1
2023-10-02 22:19:16,1
2023-10-02 22:19:16,1
2023-10-02 22:19:16,1
2023-10-02 22:19:16,1
2023-10-02 22:19:16,1
2023-10-02 22:19:17,1
2023-10-02 22:19:17,1
2023-10-02 22:19:17,1
2023-10-02 22:19:17,1
2023-10-02 22:19:17,1
2023-10-02 22:19:18,1
2023-10-02 22:19:18,1
2023-10-02 22:19:18,1
2023-10-02 22:19:18,1
2023-10-02 22:19:18,1
2023-10-02 22:19:19,1
2023-10-02 22:19:19,1
2023-10-02 22:19:41,1
2023-10-02 22:19:43,1
2023-10-02 22:19:43,1
2023-10-02 22:19:43,1
2023-10-02 22:19:43,1
2023-10-02 22:19:44,1
2023-10-02 22:19:44,1
2023-10-02 22:19:44,1
2023-10-02 22:19:44,1
2023-10-02 22:19:44,1
2023-10-02 22:19:45,1
2023-10-02 22:19:45,1
2023-10-02 22:19:45,1
2023-10-02 22:19:45,1
2023-10-02 22:19:45,1
2023-10-02 22:19:46,1
2023-10-02 22:19:46,1
2023-10-02 22:19:46,1
2023-10-02 22:19:46,1
2023-10-02 22:19:46,1
2023-10-02 22:19:47,1
2023-10-02 22:19:47,1
2023-10-02 22:19:47,1
2023-10-02 22:19:47,1
2023-10-02 22:19:47,1
2023-10-02 22:19:48,1
2023-10-02 22:19:48,1
2023-10-02 22:19:48,1
2023-10-02 22:19:48,1
2023-10-02 22:19:48,1
2023-10-02 22:19:49,1
2023-10-02 22:19:49,1
2023-10-02 22:19:49,1
2023-10-02 22:19:49,1
2023-10-02 22:19:49,1
2023-10-02 22:19:50,1
2023-10-02 22:19:50,1
2023-10-02 22:19:50,1
2023-10-02 22:19:50,1
2023-10-02 22:19:50,1
2023-10-02 22:19:51,1
2023-10-02 22:19:51,1
2023-10-02 22:19:51,1
2023-10-02 22:19:51,1
2023-10-02 22:19:52,1
2023-10-02 22:19:52,1
2023-10-02 22:19:52,1
2023-10-02 22:19:52,1
2023-10-02 22:19:52,1
2023-10-02 22:19:53,1
2023-10-02 22:19:53,1
2023-10-02 22:19:53,1
2023-10-02 22:19:53,1
2023-10-02 22:19:53,1
2023-10-02 22:19:54,1
2023-10-02 22:19:54,1
2023-10-02 22:19:54,1
2023-10-02 22:19:54,1
2023-10-02 22:19:54,1
2023-10-02 22:19:55,1
2023-10-02 22:19:55,1
2023-10-02 22:19:55,1
2023-10-02 22:19:55,1
2023-10-02 22:19:55,1
2023-10-02 22:19:56,1
2023-10-02 22:19:56,1
2023-10-02 22:19:56,1
2023-10-02 22:19:56,1
2023-10-02 22:19:56,1
2023-10-02 22:19:57,1
2023-10-02 22:19:57,1
2023-10-02 22:19:57,1
2023-10-02 22:19:57,1
2023-10-02 22:19:57,1
2023-10-02 22:19:57,1
2023-10-02 22:19:58,1
2023-10-02 22:19:58,1
2023-10-02 22:19:58,1
2023-10-02 22:19:59,1
2023-10-02 22:19:59,1
2023-10-02 22:19:59,1
2023-10-02 22:19:59,1
2023-10-02 22:19:59,1
2023-10-02 22:20:00,1
2023-10-02 22:20:00,1
2023-10-02 22:20:00,1
2023-10-02 22:20:00,1
2023-10-02 22:20:01,1
2023-10-02 22:20:01,1
2023-10-02 22:20:01,1
2023-10-02 22:20:01,1
2023-10-02 22:20:01,1
2023-10-02 22:20:02,1
2023-10-02 22:20:02,1
2023-10-02 22:20:02,1
2023-10-02 22:20:02,1
2023-10-02 22:20:02,1
2023-10-02 22:20:03,1
2023-10-02 22:20:03,1
2023-10-02 22:20:03,1
2023-10-02 22:20:03,1
2023-10-02 22:20:04,1
2023-10-02 22:20:04,1
2023-10-02 22:20:04,1
2023-10-02 22:20:04,1
2023-10-02 22:20:05,1
2023-10-02 22:20:05,1
2023-10-02 22:20:05,1
2023-10-02 22:20:06,1
2023-10-02 22:20:06,1
2023-10-02 22:20:07,1
2023-10-02 22:20:08,1
2023-10-02 22:20:08,1
2023-10-02 22:20:08,1
2023-10-02 22:20:08,1
2023-10-02 22:20:09,1
2023-10-02 22:20:09,1
2023-10-02 22:20:09,1
2023-10-02 22:20:09,1
2023-10-02 22:20:10,1
2023-10-02 22:20:10,1
2023-10-02 22:20:10,1
2023-10-02 22:20:11,1
2023-10-02 22:20:11,1
2023-10-02 22:20:11,1
2023-10-02 22:20:11,1
2023-10-02 22:20:12,1
2023-10-02 22:20:12,1
2023-10-02 22:20:12,1
2023-10-02 22:20:13,1
2023-10-02 22:20:13,1
2023-10-02 22:20:13,1
2023-10-02 22:20:13,1
2023-10-02 22:20:13,1
2023-10-02 22:20:14,1
2023-10-02 22:20:14,1
2023-10-02 22:20:14,1
2023-10-02 22:20:14,1
2023-10-02 22:20:15,1
2023-10-02 22:20:15,1
2023-10-02 22:20:15,1
2023-10-02 22:20:15,1
2023-10-02 22:20:16,1
2023-10-02 22:20:16,1
2023-10-02 22:20:16,1
2023-10-02 22:20:17,1
2023-10-02 22:20:17,1
2023-10-02 22:20:17,1
2023-10-02 22:20:17,1
2023-10-02 22:20:18,1
2023-10-02 22:20:18,1
2023-10-02 22:20:18,1
2023-10-02 22:20:18,1
2023-10-02 22:20:18,1
2023-10-02 22:20:19,1
2023-10-02 22:20:19,1
2023-10-02 22:20:19,1
2023-10-02 22:20:19,1
2023-10-02 22:20:20,1
2023-10-02 22:20:20,1
2023-10-02 22:20:20,1
2023-10-02 22:20:20,1
2023-10-02 22:20:20,1
2023-10-02 22:20:21,1
2023-10-02 22:20:21,1
2023-10-02 22:20:21,1
2023-10-02 22:20:21,1
2023-10-02 22:20:22,1
2023-10-02 22:20:22,1
2023-10-02 22:20:22,1
2023-10-02 22:20:22,1
2023-10-02 22:20:22,1
2023-10-02 22:20:23,1
2023-10-02 22:20:23,1
2023-10-02 22:20:23,1
2023-10-02 22:20:23,1
2023-10-02 22:20:23,1
2023-10-02 22:20:24,1
2023-10-02 22:20:24,1
2023-10-02 22:20:24,1
2023-10-02 23:02:52,0
2023-10-02 23:02:55,1
2023-10-02 23:02:55,1
2023-10-02 23:02:56,1
2023-10-02 23:02:56,1
2023-10-02 23:02:56,1
2023-10-02 23:02:56,1
2023-10-02 23:02:56,1
2023-10-02 23:02:56,1
2023-10-02 23:02:57,1
2023-10-02 23:02:57,1
2023-10-02 23:02:57,1
2023-10-02 23:02:57,1
2023-10-02 23:02:57,1
2023-10-02 23:02:57,1
2023-10-02 23:02:58,1
2023-10-02 23:02:58,1
2023-10-02 23:02:58,1
2023-10-02 23:02:58,1
2023-10-02 23:02:58,1
2023-10-02 23:02:58,1
2023-10-02 23:02:59,1
2023-10-02 23:02:59,1
2023-10-02 23:02:59,1
2023-10-02 23:02:59,1
2023-10-02 23:02:59,1
2023-10-02 23:02:59,1
2023-10-02 23:02:59,1
2023-10-02 23:03:00,1
2023-10-02 23:03:00,1
2023-10-02 23:03:00,1
2023-10-02 23:03:00,1
2023-10-02 23:03:00,1
2023-10-02 23:03:00,1
2023-10-02 23:03:01,1
2023-10-02 23:03:01,1
2023-10-02 23:03:01,1
2023-10-02 23:03:01,1
2023-10-02 23:03:01,1
2023-10-02 23:03:01,1
2023-10-02 23:03:01,1
2023-10-02 23:03:01,1
2023-10-02 23:03:02,1
2023-10-02 23:03:02,1
2023-10-02 23:03:02,1
2023-10-02 23:03:02,1
2023-10-02 23:03:02,1
2023-10-02 23:03:02,1
2023-10-02 23:03:02,1
2023-10-02 23:03:03,1
2023-10-02 23:03:03,1
2023-10-02 23:03:03,1
2023-10-02 23:03:03,1
2023-10-02 23:03:03,1
2023-10-02 23:03:03,1
2023-10-02 23:03:03,1
2023-10-02 23:03:04,1
2023-10-02 23:03:04,1
2023-10-02 23:03:04,1
2023-10-02 23:03:04,1
2023-10-02 23:03:04,1
2023-10-02 23:03:04,1
2023-10-02 23:03:04,1
2023-10-02 23:03:05,1
2023-10-02 23:03:05,0
2023-10-02 23:03:05,0
2023-10-02 23:03:05,0
2023-10-02 23:03:05,0
2023-10-02 23:03:05,0
2023-10-02 23:03:05,0
2023-10-02 23:03:06,0
2023-10-02 23:03:06,0
2023-10-02 23:03:06,0
2023-10-02 23:03:06,0
2023-10-02 23:03:06,0
2023-10-02 23:03:06,0
2023-10-02 23:03:06,0
2023-10-02 23:03:07,0
2023-10-02 23:03:07,0
2023-10-02 23:03:07,0
2023-10-02 23:03:07,0
2023-10-02 23:03:07,0
2023-10-02 23:03:07,0
2023-10-02 23:03:07,0
2023-10-02 23:03:08,0
2023-10-02 23:03:08,0
2023-10-02 23:03:08,0
2023-10-02 23:03:08,0
2023-10-02 23:03:08,0
2023-10-02 23:03:08,0
2023-10-02 23:03:08,0
2023-10-02 23:03:09,1
2023-10-02 23:03:09,1
2023-10-02 23:03:09,1
2023-10-02 23:03:09,1
2023-10-02 23:03:09,1
2023-10-02 23:03:09,1
2023-10-02 23:03:10,1
2023-10-02 23:03:10,1
2023-10-02 23:03:10,1
2023-10-02 23:03:10,1
2023-10-02 23:03:10,1
2023-10-02 23:03:10,1
2023-10-02 23:03:11,1
2023-10-02 23:03:11,0
2023-10-02 23:03:11,0
2023-10-02 23:03:11,0
2023-10-02 23:03:11,0
2023-10-02 23:03:11,0
2023-10-02 23:03:11,0
2023-10-02 23:03:12,0
2023-10-02 23:03:12,0
2023-10-02 23:03:12,0
2023-10-02 23:03:12,0
2023-10-02 23:03:12,0
2023-10-02 23:03:12,0
2023-10-02 23:03:13,0
2023-10-02 23:03:13,0
2023-10-02 23:03:13,0
2023-10-02 23:03:13,0
2023-10-02 23:03:13,1
2023-10-02 23:03:13,1
2023-10-02 23:03:14,1
2023-10-02 23:03:14,1
2023-10-02 23:03:14,1
2023-10-02 23:03:14,1
2023-10-02 23:03:14,1
2023-10-02 23:03:14,1
2023-10-02 23:03:15,1
2023-10-02 23:03:15,1
2023-10-02 23:03:15,1
2023-10-02 23:03:15,1
2023-10-02 23:03:15,1
2023-10-02 23:03:16,1
2023-10-02 23:03:16,1
2023-10-02 23:03:16,1
2023-10-02 23:03:16,1
2023-10-02 23:03:16,1
2023-10-02 23:03:16,1
2023-10-02 23:03:17,1
2023-10-02 23:03:17,1
2023-10-02 23:03:17,1
2023-10-02 23:03:17,1
2023-10-02 23:03:17,1
2023-10-02 23:03:17,1
2023-10-02 23:03:18,1
2023-10-02 23:03:18,1
2023-10-02 23:03:18,1
2023-10-02 23:03:18,1
2023-10-02 23:03:18,1
2023-10-02 23:03:18,1
2023-10-02 23:03:19,1
2023-10-02 23:03:19,1
2023-10-02 23:03:19,1
2023-10-02 23:03:19,1
2023-10-02 23:03:19,1
2023-10-02 23:03:19,1
2023-10-02 23:03:19,1
2023-10-02 23:03:20,1
2023-10-02 23:03:20,1
2023-10-02 23:03:20,1
2023-10-02 23:03:20,1
2023-10-02 23:03:20,1
2023-10-02 23:03:20,1
2023-10-02 23:03:20,1
2023-10-02 23:03:21,1
2023-10-02 23:03:21,1
2023-10-02 23:03:21,1
2023-10-02 23:03:21,1
2023-10-02 23:03:21,1
2023-10-02 23:03:21,1
2023-10-02 23:03:22,1
2023-10-02 23:03:22,1
2023-10-02 23:03:22,1
2023-10-02 23:03:22,1
2023-10-02 23:03:22,1
2023-10-02 23:03:22,1
2023-10-02 23:03:23,1
2023-10-02 23:03:23,1
2023-10-02 23:03:23,1
2023-10-02 23:03:23,1
2023-10-02 23:03:23,1
2023-10-02 23:03:23,1
2023-10-02 23:03:24,1
2023-10-02 23:03:24,1
2023-10-02 23:03:33,1
2023-10-02 23:03:35,1
2023-10-02 23:03:35,1
2023-10-02 23:03:35,1
2023-10-02 23:03:36,1
2023-10-02 23:03:36,1
2023-10-02 23:03:36,1
2023-10-02 23:03:36,1
2023-10-02 23:03:36,1
2023-10-02 23:03:36,1
2023-10-02 23:03:37,1
2023-10-02 23:03:37,1
2023-10-02 23:03:37,1
2023-10-02 23:03:37,1
2023-10-02 23:03:37,1
2023-10-02 23:03:37,1
2023-10-02 23:03:38,1
2023-10-02 23:03:38,1
2023-10-02 23:03:38,1
2023-10-02 23:03:38,1
2023-10-02 23:03:38,1
2023-10-02 23:03:38,1
2023-10-02 23:03:39,1
2023-10-02 23:03:39,1
2023-10-02 23:03:39,1
2023-10-02 23:03:39,1
2023-10-02 23:03:39,1
2023-10-02 23:03:39,1
2023-10-02 23:03:39,1
2023-10-02 23:03:40,1
2023-10-02 23:03:40,1
2023-10-02 23:03:40,1
2023-10-02 23:03:40,1
2023-10-02 23:03:40,1
2023-10-02 23:03:40,1
2023-10-02 23:03:40,1
2023-10-02 23:03:41,1
2023-10-02 23:03:41,1
2023-10-02 23:03:41,1
2023-10-02 23:03:41,1
2023-10-02 23:03:41,1
2023-10-02 23:06:52,0
2023-10-02 23:06:54,1
2023-10-02 23:06:54,1
2023-10-02 23:06:54,1
2023-10-02 23:06:54,1
2023-10-02 23:06:54,1
2023-10-02 23:06:54,1
2023-10-02 23:06:55,1
2023-10-02 23:06:55,1
2023-10-02 23:06:55,1
2023-10-02 23:06:55,1
2023-10-02 23:06:55,1
2023-10-02 23:06:56,1
2023-10-02 23:06:56,1
2023-10-02 23:06:56,1
2023-10-02 23:06:56,1
2023-10-02 23:06:56,1
2023-10-02 23:06:56,1
2023-10-02 23:06:57,1
2023-10-02 23:06:57,1
2023-10-02 23:06:57,1
2023-10-02 23:06:57,1
2023-10-02 23:06:57,1
2023-10-02 23:06:57,1
2023-10-02 23:06:58,1
2023-10-02 23:06:58,1
2023-10-02 23:06:58,1
2023-10-02 23:06:58,1
2023-10-02 23:06:58,1
2023-10-02 23:06:58,1
2023-10-02 23:06:58,1
2023-10-02 23:06:59,1
2023-10-02 23:06:59,1
2023-10-02 23:06:59,1
2023-10-02 23:06:59,1
2023-10-02 23:06:59,1
2023-10-02 23:06:59,1
2023-10-02 23:06:59,1
2023-10-02 23:07:00,1
2023-10-02 23:07:00,1
2023-10-02 23:07:00,1
2023-10-02 23:07:00,1
2023-10-02 23:07:00,1
2023-10-02 23:07:00,1
2023-10-02 23:07:00,1
2023-10-02 23:07:01,1
2023-10-02 23:07:01,1
2023-10-02 23:07:01,1
2023-10-02 23:07:01,1
2023-10-02 23:07:01,1
2023-10-02 23:07:01,1
2023-10-02 23:07:02,1
2023-10-02 23:07:02,1
2023-10-02 23:07:02,1
2023-10-02 23:07:02,1
2023-10-02 23:07:02,1
2023-10-02 23:07:02,1
2023-10-02 23:07:02,1
2023-10-02 23:07:03,1
2023-10-02 23:07:03,1
2023-10-02 23:07:03,1
2023-10-02 23:07:03,1
2023-10-02 23:07:03,1
2023-10-02 23:07:03,1
2023-10-02 23:07:04,1
2023-10-02 23:07:04,1
2023-10-02 23:07:04,1
2023-10-02 23:07:04,1
2023-10-02 23:07:04,1
2023-10-02 23:07:04,1
2023-10-02 23:07:04,1
2023-10-02 23:07:05,1
2023-10-02 23:07:05,1
2023-10-02 23:07:05,1
2023-10-02 23:07:05,1
2023-10-02 23:07:05,1
2023-10-02 23:07:05,1
2023-10-02 23:07:06,1
2023-10-02 23:07:06,1
2023-10-02 23:07:06,1
2023-10-02 23:07:06,1
2023-10-02 23:07:06,1
2023-10-02 23:07:06,1
2023-10-02 23:07:07,1
2023-10-02 23:07:07,1
2023-10-02 23:07:07,1
2023-10-02 23:07:07,1
2023-10-02 23:07:07,1
2023-10-02 23:07:07,1
2023-10-02 23:07:08,1
2023-10-02 23:07:08,1
2023-10-02 23:07:08,1
2023-10-02 23:07:08,1
2023-10-02 23:07:08,1
2023-10-02 23:07:08,1
2023-10-02 23:07:09,1
2023-10-02 23:07:09,1
2023-10-02 23:07:09,1
2023-10-02 23:07:09,1
2023-10-02 23:07:09,1
2023-10-02 23:07:09,1
2023-10-02 23:07:09,1
2023-10-02 23:07:10,1
2023-10-02 23:07:10,1
2023-10-02 23:07:10,1
2023-10-02 23:07:10,1
2023-10-02 23:07:10,1
2023-10-02 23:07:10,1
2023-10-02 23:07:11,1
2023-10-02 23:07:11,1
2023-10-02 23:07:11,1
2023-10-02 23:07:11,1
2023-10-02 23:07:11,1
2023-10-02 23:07:11,1
2023-10-02 23:07:11,1
2023-10-02 23:07:12,1
2023-10-02 23:07:12,1
2023-10-02 23:07:12,1
2023-10-02 23:07:12,1
2023-10-02 23:07:12,1
2023-10-02 23:07:12,1
2023-10-02 23:07:13,1
2023-10-02 23:07:13,1
2023-10-02 23:07:13,1
2023-10-02 23:07:13,1
2023-10-02 23:07:13,1
2023-10-02 23:07:13,1
2023-10-02 23:07:14,1
2023-10-02 23:07:14,1
2023-10-02 23:07:14,1
2023-10-02 23:07:14,1
2023-10-02 23:07:14,1
2023-10-02 23:07:14,1
2023-10-02 23:07:15,1
2023-10-02 23:07:15,1
2023-10-02 23:07:15,1
2023-10-02 23:07:15,1
2023-10-02 23:07:15,1
2023-10-02 23:07:15,1
2023-10-02 23:07:15,1
2023-10-02 23:07:16,1
2023-10-02 23:07:16,1
2023-10-02 23:07:16,1
2023-10-02 23:07:16,1
2023-10-02 23:07:16,1
2023-10-02 23:07:16,1
2023-10-02 23:07:17,1
2023-10-02 23:07:17,1
2023-10-02 23:07:17,1
2023-10-02 23:07:17,1
2023-10-02 23:07:17,1
2023-10-02 23:07:17,1
2023-10-02 23:07:18,1
2023-10-02 23:07:18,1
2023-10-02 23:07:18,1
2023-10-02 23:07:18,1
2023-10-02 23:07:18,1
2023-10-02 23:07:18,1
2023-10-02 23:07:18,1
2023-10-02 23:07:19,1
2023-10-02 23:07:19,1
2023-10-02 23:07:19,1
2023-10-02 23:07:19,1
2023-10-02 23:07:19,1
2023-10-02 23:07:19,1
2023-10-02 23:07:20,1
2023-10-02 23:07:20,1
2023-10-02 23:07:20,1
2023-10-02 23:07:20,1
2023-10-02 23:07:20,1
2023-10-02 23:07:20,1
2023-10-02 23:07:21,1
2023-10-02 23:07:21,1
2023-10-02 23:07:21,1
2023-10-02 23:07:21,1
2023-10-02 23:07:21,1
2023-10-02 23:07:21,1
2023-10-02 23:07:22,1
2023-10-02 23:07:22,1
2023-10-02 23:07:22,1
2023-10-02 23:07:22,1
2023-10-02 23:07:22,1
2023-10-02 23:07:22,1
2023-10-02 23:07:23,1
2023-10-02 23:07:23,1
2023-10-02 23:07:23,1
2023-10-02 23:07:23,1
2023-10-02 23:07:23,1
2023-10-02 23:07:23,1
2023-10-02 23:07:24,1
2023-10-02 23:07:24,1
2023-10-02 23:07:24,2
2023-10-02 23:07:24,2
2023-10-02 23:07:24,2
2023-10-02 23:07:24,2
2023-10-02 23:07:24,2
2023-10-02 23:07:25,2
2023-10-02 23:07:25,2
2023-10-02 23:07:25,2
2023-10-02 23:07:25,1
2023-10-02 23:07:25,0
2023-10-02 23:07:25,0
2023-10-02 23:07:26,2
2023-10-02 23:07:26,2
2023-10-02 23:07:26,3
2023-10-02 23:07:26,1
2023-10-02 23:07:26,2
2023-10-02 23:07:26,1
2023-10-02 23:07:27,2
2023-10-02 23:07:27,2
2023-10-02 23:07:27,3
2023-10-02 23:07:27,3
2023-10-02 23:07:27,2
2023-10-02 23:07:27,3
2023-10-02 23:07:28,3
2023-10-02 23:07:28,1
2023-10-02 23:07:28,2
2023-10-02 23:07:28,2
2023-10-02 23:07:28,2
2023-10-02 23:07:28,2
2023-10-02 23:07:29,3
2023-10-02 23:07:29,3
2023-10-02 23:07:29,3
2023-10-02 23:07:29,3
2023-10-02 23:07:29,3
2023-10-02 23:07:29,3
2023-10-02 23:07:29,3
2023-10-02 23:07:30,3
2023-10-02 23:07:30,2
2023-10-02 23:07:30,3
2023-10-02 23:07:30,3
2023-10-02 23:07:30,2
2023-10-02 23:07:30,3
2023-10-02 23:07:31,3
2023-10-02 23:07:31,1
2023-10-02 23:07:31,1
2023-10-02 23:07:31,1
2023-10-02 23:07:31,1
2023-10-02 23:07:31,1
2023-10-02 23:07:32,1
2023-10-02 23:07:32,1
2023-10-02 23:07:32,1
2023-10-02 23:07:32,1
2023-10-02 23:07:32,1
2023-10-02 23:07:32,1
2023-10-02 23:07:33,1
2023-10-02 23:07:33,1
2023-10-02 23:07:33,1
2023-10-02 23:07:33,1
2023-10-02 23:07:33,1
2023-10-02 23:07:34,1
2023-10-02 23:07:34,1
2023-10-02 23:07:34,1
2023-10-02 23:07:34,1
2023-10-02 23:07:34,1
2023-10-02 23:07:34,1
2023-10-02 23:07:34,1
2023-10-02 23:07:35,1
2023-10-02 23:07:35,1
2023-10-02 23:07:35,1
2023-10-02 23:07:35,1
2023-10-02 23:07:35,1
2023-10-02 23:07:35,1
2023-10-02 23:07:36,1
2023-10-02 23:07:36,1
2023-10-02 23:07:36,1
2023-10-02 23:07:36,1
2023-10-02 23:07:36,1
2023-10-02 23:07:36,1
2023-10-02 23:07:36,1
2023-10-02 23:07:37,1
2023-10-02 23:07:37,1
2023-10-02 23:07:37,1
2023-10-02 23:07:37,1
2023-10-02 23:07:37,1
2023-10-02 23:07:37,1
2023-10-02 23:07:38,1
2023-10-02 23:07:38,1
2023-10-02 23:07:38,1
2023-10-02 23:07:38,1
2023-10-02 23:07:38,1
2023-10-02 23:07:38,1
2023-10-02 23:07:39,1
2023-10-02 23:07:39,1
2023-10-02 23:07:39,1
2023-10-02 23:07:39,1
2023-10-02 23:07:39,1
2023-10-02 23:07:40,1
2023-10-02 23:07:40,2
2023-10-02 23:07:40,2
2023-10-02 23:07:40,1
2023-10-02 23:07:40,1
2023-10-02 23:07:40,1
2023-10-02 23:07:40,1
2023-10-02 23:07:41,1
2023-10-02 23:07:41,2
2023-10-02 23:07:41,0
2023-10-02 23:07:41,0
2023-10-02 23:07:41,2
2023-10-02 23:07:41,2
2023-10-02 23:07:42,2
2023-10-02 23:07:42,2
2023-10-02 23:07:42,2
2023-10-02 23:07:42,1
2023-10-02 23:07:42,2
2023-10-02 23:07:42,2
2023-10-02 23:07:43,2
2023-10-02 23:07:43,2
2023-10-02 23:07:43,2
2023-10-02 23:07:43,2
2023-10-02 23:07:43,2
2023-10-02 23:07:43,3
2023-10-02 23:07:44,1
2023-10-02 23:07:44,0
2023-10-02 23:07:44,1
2023-10-02 23:07:44,1
2023-10-02 23:07:44,2
2023-10-02 23:07:44,2
2023-10-02 23:07:45,2
2023-10-02 23:07:45,2
2023-10-02 23:07:45,1
2023-10-02 23:07:45,1
2023-10-02 23:07:45,1
2023-10-02 23:07:45,2
2023-10-02 23:07:46,2
2023-10-02 23:07:46,0
2023-10-02 23:07:46,0
2023-10-02 23:07:46,0
2023-10-02 23:07:46,0
2023-10-02 23:07:46,1
2023-10-02 23:07:47,0
2023-10-02 23:07:47,1
2023-10-02 23:07:47,1
2023-10-02 23:07:47,2
2023-10-02 23:07:47,2
2023-10-02 23:07:47,2
2023-10-02 23:07:48,1
2023-10-02 23:07:48,1
2023-10-02 23:07:48,1
2023-10-02 23:07:48,1
2023-10-02 23:07:48,1
2023-10-02 23:07:48,1
2023-10-02 23:07:49,1
2023-10-02 23:07:49,1
2023-10-02 23:07:49,1
2023-10-02 23:07:49,1
2023-10-02 23:07:49,1
2023-10-02 23:07:49,0
2023-10-02 23:07:49,1
2023-10-02 23:07:50,1
2023-10-02 23:07:50,2
2023-10-02 23:07:50,1
2023-10-02 23:07:50,1
2023-10-02 23:07:50,1
2023-10-02 23:07:50,1
2023-10-02 23:07:51,3
2023-10-02 23:07:51,3
2023-10-02 23:07:51,3
2023-10-02 23:07:51,2
2023-10-02 23:07:51,2
2023-10-02 23:07:51,2
2023-10-02 23:07:52,3
2023-10-02 23:07:52,4
2023-10-02 23:07:52,2
2023-10-02 23:07:52,5
2023-10-02 23:07:52,3
2023-10-02 23:07:53,3
2023-10-02 23:07:53,4
2023-10-02 23:07:53,3
2023-10-02 23:07:53,4
2023-10-02 23:07:53,4
2023-10-02 23:07:53,4
2023-10-02 23:07:53,4
2023-10-02 23:07:54,4
2023-10-02 23:07:54,3
2023-10-02 23:07:54,3
2023-10-02 23:07:54,3
2023-10-02 23:07:54,3
2023-10-02 23:07:55,3
2023-10-02 23:07:55,3
2023-10-02 23:07:55,3
2023-10-02 23:07:55,3
2023-10-02 23:07:55,2
2023-10-02 23:07:55,1
2023-10-02 23:07:55,1
2023-10-02 23:07:56,1
2023-10-02 23:07:56,1
2023-10-02 23:07:56,1
2023-10-02 23:07:56,0
2023-10-02 23:07:56,0
2023-10-02 23:07:57,0
2023-10-02 23:07:57,0
2023-10-02 23:07:57,0
2023-10-02 23:07:57,0
2023-10-02 23:07:57,1
2023-10-02 23:07:57,1
2023-10-02 23:07:58,1
2023-10-02 23:07:58,1
2023-10-02 23:07:58,2
2023-10-02 23:07:58,2
2023-10-02 23:07:58,2
2023-10-02 23:07:58,2
2023-10-02 23:07:59,1
2023-10-02 23:07:59,1
2023-10-02 23:07:59,1
2023-10-02 23:07:59,1
2023-10-02 23:07:59,1
2023-10-02 23:07:59,1
2023-10-02 23:08:00,1
2023-10-02 23:08:00,1
2023-10-02 23:08:00,1
2023-10-02 23:08:00,1
2023-10-02 23:08:00,1
2023-10-02 23:08:01,1
2023-10-02 23:08:01,1
2023-10-02 23:08:01,1
2023-10-02 23:08:01,1
2023-10-02 23:08:01,1
2023-10-02 23:08:01,1
2023-10-02 23:08:02,1
2023-10-02 23:08:02,1
2023-10-02 23:08:02,1
2023-10-02 23:08:02,1
2023-10-02 23:08:02,1
2023-10-02 23:08:02,1
2023-10-02 23:08:03,1
2023-10-02 23:08:03,1
2023-10-02 23:08:03,1
2023-10-02 23:08:03,1
2023-10-02 23:08:03,1
2023-10-02 23:08:03,1
2023-10-02 23:08:04,1
2023-10-02 23:08:04,1
2023-10-02 23:08:04,1
2023-10-02 23:08:04,1
2023-10-02 23:08:04,1
2023-10-02 23:08:04,1
2023-10-02 23:08:05,1
2023-10-02 23:08:05,1
2023-10-02 23:08:05,1
2023-10-02 23:08:05,1
2023-10-02 23:08:05,1
2023-10-02 23:08:05,1
2023-10-02 23:08:06,1
2023-10-02 23:08:06,1
2023-10-02 23:08:06,1
2023-10-02 23:08:06,1
2023-10-02 23:08:06,1
2023-10-02 23:08:06,1
2023-10-02 23:08:06,1
2023-10-02 23:08:07,1
2023-10-02 23:08:07,1
2023-10-02 23:08:07,1
2023-10-02 23:08:07,1
2023-10-02 23:08:07,1
2023-10-02 23:08:07,1
2023-10-02 23:08:08,1
2023-10-02 23:08:08,1
2023-10-02 23:08:08,1
2023-10-02 23:08:08,1
2023-10-02 23:08:08,1
2023-10-02 23:08:08,1
2023-10-02 23:08:08,1
2023-10-02 23:08:09,1
2023-10-02 23:08:09,0
2023-10-02 23:08:09,0
2023-10-02 23:08:09,0
2023-10-02 23:08:09,0
2023-10-02 23:08:09,0
2023-10-02 23:08:09,0
2023-10-02 23:08:10,0
2023-10-02 23:08:10,0
2023-10-02 23:08:10,0
2023-10-02 23:08:10,0
2023-10-02 23:08:10,0
2023-10-02 23:08:10,0
2023-10-02 23:08:11,0
2023-10-02 23:08:11,0
2023-10-02 23:08:11,0
2023-10-02 23:08:11,0
2023-10-02 23:08:11,0
2023-10-02 23:08:11,0
2023-10-02 23:08:12,0
2023-10-02 23:08:12,0
2023-10-02 23:08:12,0
2023-10-02 23:08:12,0
2023-10-02 23:08:12,0
2023-10-02 23:08:12,0
2023-10-02 23:08:13,0
2023-10-02 23:08:13,0
2023-10-02 23:08:13,0
2023-10-02 23:08:13,0
2023-10-02 23:08:13,0
2023-10-02 23:08:13,0
2023-10-02 23:08:14,0
2023-10-02 23:08:14,0
2023-10-02 23:08:14,0
2023-10-02 23:08:14,0
2023-10-02 23:08:14,0
2023-10-02 23:08:15,0
2023-10-02 23:08:15,0
2023-10-02 23:08:15,0
2023-10-02 23:08:15,0
2023-10-02 23:08:15,0
2023-10-02 23:08:15,0
2023-10-02 23:08:16,0
2023-10-02 23:08:16,0
2023-10-02 23:08:16,0
2023-10-02 23:08:16,0
2023-10-02 23:08:16,1
2023-10-02 23:08:16,1
2023-10-02 23:08:17,1
2023-10-02 23:08:17,1
2023-10-02 23:08:17,1
2023-10-02 23:08:17,1
2023-10-02 23:08:17,1
2023-10-02 23:08:17,1
2023-10-02 23:08:18,1
2023-10-02 23:08:18,1
2023-10-02 23:08:18,1
2023-10-02 23:08:18,1
2023-10-02 23:08:18,1
2023-10-02 23:08:18,1
2023-10-02 23:08:19,1
2023-10-02 23:08:19,1
2023-10-02 23:08:19,1
2023-10-02 23:08:19,1
2023-10-02 23:08:19,1
2023-10-02 23:08:19,1
2023-10-02 23:08:20,1
2023-10-02 23:08:20,1
2023-10-02 23:08:20,1
2023-10-02 23:08:20,1
2023-10-02 23:08:20,1
2023-10-02 23:08:20,1
2023-10-02 23:08:21,1
2023-10-02 23:08:21,1
2023-10-02 23:08:21,1
2023-10-02 23:08:21,1
2023-10-02 23:08:21,1
2023-10-02 23:08:21,1
2023-10-02 23:08:22,1
2023-10-02 23:08:22,1
2023-10-02 23:08:22,1
2023-10-02 23:08:22,1
2023-10-02 23:08:22,1
2023-10-02 23:08:23,1
2023-10-02 23:08:23,1
2023-10-02 23:08:23,1
2023-10-02 23:08:23,1
2023-10-02 23:08:23,1
2023-10-02 23:08:24,1
2023-10-02 23:08:24,1
2023-10-02 23:16:01,0
2023-10-02 23:16:04,1
2023-10-02 23:16:04,1
2023-10-02 23:16:04,1
2023-10-02 23:16:04,1
2023-10-02 23:16:05,1
2023-10-02 23:16:05,1
2023-10-02 23:16:05,1
2023-10-02 23:16:05,1
2023-10-02 23:16:06,1
2023-10-02 23:16:06,1
2023-10-02 23:16:06,1
2023-10-02 23:16:06,1
2023-10-02 23:16:06,1
2023-10-02 23:16:07,1
2023-10-02 23:16:07,1
2023-10-02 23:16:07,1
2023-10-02 23:16:07,1
2023-10-02 23:16:07,1
2023-10-02 23:16:08,1
2023-10-02 23:16:08,1
2023-10-02 23:16:08,1
2023-10-02 23:16:08,1
2023-10-02 23:16:09,1
2023-10-02 23:16:09,1
2023-10-02 23:16:09,1
2023-10-02 23:16:09,1
2023-10-02 23:16:09,1
2023-10-02 23:16:10,1
2023-10-02 23:16:10,1
2023-10-02 23:16:10,1
2023-10-02 23:16:10,1
2023-10-02 23:16:11,1
2023-10-02 23:16:11,1
2023-10-02 23:16:11,1
2023-10-02 23:16:11,1
2023-10-03 10:29:38,0
2023-10-03 10:29:43,1
2023-10-03 10:29:43,1
2023-10-03 10:29:44,1
2023-10-03 10:29:44,1
2023-10-03 10:29:44,1
2023-10-03 10:29:45,1
2023-10-03 10:29:45,1
2023-10-03 10:29:45,1
2023-10-03 10:29:46,1
2023-10-03 10:29:46,1
2023-10-03 10:29:46,1
2023-10-03 10:29:47,1
2023-10-03 10:29:47,1
2023-10-03 10:29:48,1
2023-10-03 10:29:48,1
2023-10-03 10:29:48,1
2023-10-03 10:29:49,1
2023-10-03 10:29:49,1
2023-10-03 10:29:49,1
2023-10-03 10:29:50,1
2023-10-03 10:29:50,1
2023-10-03 10:29:50,1
2023-10-03 10:29:51,1
2023-10-03 10:29:51,1
2023-10-03 10:29:51,1
2023-10-03 10:29:52,1
2023-10-03 10:29:52,1
2023-10-03 10:29:53,1
2023-10-03 10:29:53,1
2023-10-03 10:29:53,1
2023-10-03 10:29:54,1
2023-10-03 10:29:54,1
2023-10-03 10:29:54,1
2023-10-03 10:29:55,1
2023-10-03 10:29:55,1
2023-10-03 10:29:55,1
2023-10-03 10:50:40,0
2023-10-03 10:50:44,1
2023-10-03 10:50:44,1
2023-10-03 10:50:44,1
2023-10-03 10:50:44,1
2023-10-03 10:50:44,1
2023-10-03 10:50:45,1
2023-10-03 10:50:45,1
2023-10-03 10:50:45,1
2023-10-03 10:50:45,1
2023-10-03 10:50:46,1
2023-10-03 10:50:46,1
2023-10-03 10:50:46,1
2023-10-03 10:50:46,1
2023-10-03 10:50:46,1
2023-10-03 10:50:47,1
2023-10-03 10:50:47,1
2023-10-03 10:50:47,1
2023-10-03 10:50:47,1
2023-10-03 10:50:48,1
2023-10-03 10:50:48,1
2023-10-03 10:50:48,1
2023-10-03 10:50:48,1
2023-10-03 10:50:48,1
2023-10-03 10:50:48,1
2023-10-03 10:50:49,1
2023-10-03 10:50:49,1
2023-10-03 10:50:49,1
2023-10-03 10:50:49,1
2023-10-03 10:50:50,1
2023-10-03 10:50:50,1
2023-10-03 10:50:51,1
2023-10-03 10:50:51,1
2023-10-03 10:50:51,1
2023-10-03 10:50:52,1
2023-10-03 10:50:52,1
2023-10-03 10:50:52,1
2023-10-03 10:50:53,1
2023-10-03 10:50:53,1
2023-10-03 10:50:53,1
2023-10-04 08:26:11,0
2023-10-04 08:26:17,1
2023-10-04 08:26:17,1
2023-10-04 08:26:17,1
2023-10-04 08:26:18,1
2023-10-04 08:26:18,1
2023-10-04 08:26:18,1
2023-10-04 08:26:18,1
2023-10-04 08:26:19,1
2023-10-04 08:26:19,1
2023-10-04 08:26:19,1
2023-10-04 08:26:19,1
2023-10-04 08:26:20,1
2023-10-04 08:26:20,1
2023-10-04 08:26:20,1
2023-10-04 08:26:20,1
2023-10-04 08:26:21,1
2023-10-04 08:26:21,1
2023-10-04 08:26:21,1
2023-10-04 08:26:21,1
2023-10-04 08:26:22,1
2023-10-04 08:26:22,1
2023-10-04 08:26:22,1
2023-10-04 08:26:23,1
2023-10-04 08:26:23,1
2023-10-04 08:26:23,1
2023-10-04 08:26:24,1
2023-10-04 08:26:24,1
2023-10-04 08:26:24,1
2023-10-04 08:26:25,1
2023-10-04 08:26:25,1
2023-10-04 08:26:25,1
2023-10-04 08:26:25,1
2023-10-04 08:26:26,1
2023-10-04 08:26:26,1
2023-10-04 08:26:26,1
2023-10-04 08:26:26,1
2023-10-04 08:26:27,1
2023-10-04 08:26:27,1
2023-10-04 08:26:27,1
2023-10-04 08:26:27,1
2023-10-04 08:26:28,1
2023-10-04 08:26:28,1
2023-10-04 08:26:28,1
2023-10-04 08:26:28,1
2023-10-04 08:26:28,1
2023-10-04 08:26:29,1
2023-10-04 08:26:29,1
2023-10-04 08:26:29,1
2023-10-04 08:26:29,1
2023-10-04 08:26:30,1
2023-10-04 08:26:30,1
2023-10-04 08:26:30,1
2023-10-04 08:26:30,1
2023-10-04 08:26:30,1
2023-10-04 08:26:31,1
2023-10-04 08:26:31,1
2023-10-04 08:26:31,1
2023-10-04 08:26:31,1
2023-10-04 08:26:31,1
2023-10-04 08:26:32,1
2023-10-04 08:26:32,1
2023-10-04 08:26:32,1
2023-10-04 08:26:32,1
2023-10-04 08:26:33,1
2023-10-04 08:26:33,1
2023-10-04 08:26:33,1
2023-10-04 08:26:33,1
2023-10-04 08:26:34,1
2023-10-04 08:26:34,1
2023-10-04 08:26:34,1
2023-10-04 08:26:35,1
2023-10-04 08:26:35,1
2023-10-04 08:26:35,1
2023-10-04 08:26:36,1
2023-10-04 08:26:36,1
2023-10-04 08:26:36,1
2023-10-04 08:26:37,1
2023-10-04 08:26:37,1
2023-10-04 08:26:38,1
2023-10-04 08:26:38,1
2023-10-04 08:26:38,1
2023-10-04 08:26:39,1
2023-10-04 08:26:39,1
2023-10-04 08:26:39,1
2023-10-04 08:26:40,1
2023-10-04 08:26:40,1
2023-10-04 08:26:40,1
2023-10-04 08:26:41,1
2023-10-04 08:26:41,1
2023-10-04 08:26:41,1
2023-10-04 08:26:42,1
2023-10-04 08:26:42,1
2023-10-04 08:26:42,1
2023-10-04 08:26:43,1
2023-10-04 08:26:43,1
2023-10-04 08:26:43,1
2023-10-04 08:26:44,1
2023-10-04 08:26:44,1
2023-10-04 08:26:44,1
2023-10-04 08:26:45,1
2023-10-04 08:26:45,1
2023-10-04 08:26:45,1
2023-10-04 08:26:46,1
2023-10-04 08:26:46,1
2023-10-04 08:26:46,1
2023-10-04 08:26:47,1
2023-10-04 08:26:47,1
2023-10-04 08:26:47,1
2023-10-04 08:26:48,1
2023-10-04 08:26:48,1
2023-10-04 08:26:48,1
2023-10-04 08:26:49,1
2023-10-04 08:26:49,1
2023-10-04 08:26:49,1
2023-10-04 08:27:16,1
2023-10-04 08:27:20,2
2023-10-04 08:27:20,2
2023-10-04 08:27:20,2
2023-10-04 08:27:21,2
2023-10-04 08:27:21,2
2023-10-04 08:27:21,2
2023-10-04 08:27:22,2
2023-10-04 08:27:22,2
2023-10-04 08:27:22,2
2023-10-04 08:27:23,2
2023-10-04 08:27:23,2
2023-10-04 08:27:23,2
2023-10-04 08:27:24,2
2023-10-04 08:27:24,2
2023-10-04 08:27:24,2
2023-10-04 08:27:25,2
2023-10-04 08:27:25,2
2023-10-04 08:27:26,2
2023-10-04 08:27:26,2
2023-10-04 08:27:26,2
2023-10-04 08:27:27,2
2023-10-04 08:27:27,2
2023-10-04 08:27:27,2
2023-10-04 08:27:28,2
2023-10-04 08:27:28,2
2023-10-04 08:27:28,2
2023-10-04 08:27:29,2
2023-10-04 08:27:29,2
2023-10-04 08:27:29,2
2023-10-04 08:27:30,2
2023-10-04 08:27:30,2
2023-10-04 08:27:30,2
2023-10-04 08:27:31,2
2023-10-04 08:27:31,2
2023-10-04 08:27:31,2
2023-10-04 08:27:32,2
2023-10-04 08:27:32,2
2023-10-04 08:27:32,2
2023-10-04 08:27:33,2
2023-10-04 08:27:33,2
2023-10-04 08:27:34,2
2023-10-04 08:27:34,2
2023-10-04 08:27:34,2
2023-10-04 08:28:39,2
2023-10-04 08:28:42,1
2023-10-04 08:28:42,0
2023-10-04 08:28:42,0
2023-10-04 08:28:43,1
2023-10-04 08:28:43,0
2023-10-04 08:28:43,1
2023-10-04 08:28:44,1
2023-10-04 08:28:44,3
2023-10-04 08:28:44,2
2023-10-04 08:28:45,2
2023-10-04 08:28:45,3
2023-10-04 08:28:45,2
2023-10-04 08:28:46,1
2023-10-04 08:28:46,1
2023-10-04 08:28:46,1
2023-10-04 08:28:47,1
2023-10-04 08:28:47,1
2023-10-04 08:28:47,1
2023-10-04 08:28:48,0
2023-10-04 08:28:48,0
2023-10-04 08:28:48,1
2023-10-04 08:28:49,1
2023-10-04 08:28:49,1
2023-10-04 08:28:49,1
2023-10-04 08:28:50,2
2023-10-04 08:28:50,2
2023-10-04 08:28:50,2
2023-10-04 08:28:51,0
2023-10-04 08:28:51,0
2023-10-04 08:28:51,0
2023-10-04 08:28:52,0
2023-10-04 08:28:52,0
2023-10-04 08:28:52,0
2023-10-04 08:28:53,1
2023-10-04 08:28:53,1
2023-10-04 08:28:53,1
2023-10-04 08:28:54,1
2023-10-04 08:28:54,1
2023-10-04 08:28:54,1
2023-10-04 08:28:55,1
2023-10-04 08:28:55,1
2023-10-04 08:28:55,2
2023-10-04 08:28:56,2
2023-10-04 08:28:56,2
2023-10-04 08:28:56,2
2023-10-04 08:28:57,1
2023-10-04 08:28:57,1
2023-10-04 08:28:57,1
2023-10-04 08:28:58,1
2023-10-04 08:28:58,2
2023-10-04 08:28:58,1
2023-10-04 08:28:58,1
2023-10-04 08:28:59,1
2023-10-04 08:28:59,1
2023-10-04 08:28:59,1
2023-10-04 08:29:00,1
2023-10-04 08:29:00,1
2023-10-04 08:29:00,1
2023-10-04 08:29:01,1
2023-10-04 08:29:01,1
2023-10-04 08:29:01,1
2023-10-04 08:29:02,1
2023-10-04 08:29:02,1
2023-10-04 08:29:02,1
2023-10-04 08:29:03,1
2023-10-04 08:29:03,1
2023-10-04 08:29:03,1
2023-10-04 08:29:04,1
2023-10-04 08:29:24,1
2023-10-04 08:29:26,1
2023-10-04 08:29:27,1
2023-10-04 08:29:27,1
2023-10-04 08:29:27,1
2023-10-04 08:29:28,1
2023-10-04 08:29:28,1
2023-10-04 08:29:28,1
2023-10-04 08:29:29,1
2023-10-04 08:29:29,1
2023-10-04 08:29:29,1
2023-10-04 08:29:30,1
2023-10-04 08:29:30,1
2023-10-04 08:29:30,1
2023-10-04 08:29:31,1
2023-10-04 08:29:31,1
2023-10-04 08:29:31,1
2023-10-04 08:29:32,1
2023-10-04 08:29:32,1
2023-10-04 08:29:33,1
2023-10-04 08:29:33,1
2023-10-04 08:29:33,1
2023-10-04 08:29:33,1
2023-10-04 08:29:34,1
2023-10-04 08:29:34,1
2023-10-04 08:29:35,1
2023-10-04 08:29:35,1
2023-10-04 08:29:35,1
2023-10-04 08:29:36,1
2023-10-04 08:29:36,1
2023-10-04 08:29:36,1
2023-10-04 08:29:37,1
2023-10-04 08:29:37,1
2023-10-04 08:29:37,1
2023-10-04 08:29:38,1
2023-10-04 08:29:38,1
2023-10-04 08:29:38,1
2023-10-04 08:29:39,1
2023-10-04 08:29:39,1
2023-10-04 08:29:39,1
2023-10-04 08:29:40,1
2023-10-04 08:29:40,1
2023-10-04 08:29:40,1
2023-10-04 08:29:41,1
2023-10-04 08:29:41,1
2023-10-04 08:29:41,1
2023-10-04 08:29:42,1
2023-10-04 08:29:42,1
2023-10-04 08:29:42,1
2023-10-04 08:29:43,1
2023-10-04 08:29:43,1
2023-10-04 08:29:43,1
2023-10-04 08:29:44,1
2023-10-04 08:29:44,1
2023-10-04 08:29:44,1
2023-10-04 08:29:45,1
2023-10-04 08:29:45,1
2023-10-04 08:29:45,1
2023-10-04 08:29:46,1
2023-10-04 08:29:46,1
2023-10-04 08:29:46,1
2023-10-04 08:29:47,1
2023-10-04 08:29:47,1
2023-10-04 08:29:47,1
2023-10-04 08:29:48,1
2023-10-04 08:29:48,1
2023-10-04 08:29:48,1
2023-10-04 08:29:49,1
2023-10-04 08:29:49,1
2023-10-04 08:29:50,1
2023-10-04 08:29:50,1
2023-10-04 08:29:50,1
2023-10-04 08:29:51,1
2023-10-04 08:29:51,1
2023-10-04 08:29:51,1
2023-10-04 08:29:52,1
2023-10-04 08:29:52,1
2023-10-04 08:29:52,1
2023-10-04 08:29:53,1
2023-10-04 08:29:53,1
2023-10-04 08:29:53,1
2023-10-04 08:29:54,1
2023-10-04 08:29:54,1
2023-10-04 08:29:54,1
2023-10-04 08:29:55,1
2023-10-04 08:29:55,1
2023-10-04 08:29:55,1
2023-10-04 08:29:56,1
2023-10-04 08:29:56,1
2023-10-04 08:29:56,1
2023-10-04 08:29:57,1
2023-10-04 08:29:57,1
2023-10-04 08:29:57,1
2023-10-04 08:29:58,1
2023-10-04 08:29:58,1
2023-10-04 08:29:59,1
2023-10-04 08:29:59,1
2023-10-04 08:29:59,1
2023-10-04 08:30:00,1
2023-10-04 08:30:21,1
2023-10-04 08:30:23,0
2023-10-04 08:30:24,3
2023-10-04 08:30:24,1
2023-10-04 08:30:24,1
2023-10-04 08:30:25,5
2023-10-04 08:30:25,4
2023-10-04 08:30:25,3
2023-10-04 08:30:26,3
2023-10-04 08:30:26,3
2023-10-04 08:30:26,2
2023-10-04 08:30:27,3
2023-10-04 08:30:27,3
2023-10-04 08:30:27,1
2023-10-04 08:30:28,2
2023-10-04 08:30:28,1
2023-10-04 08:30:28,2
2023-10-04 08:30:29,2
2023-10-04 08:30:29,0
2023-10-04 08:30:29,0
2023-10-04 08:30:30,1
2023-10-04 08:30:30,0
2023-10-04 08:30:30,0
2023-10-04 08:30:31,2
2023-10-04 08:30:31,3
2023-10-04 08:30:31,1
2023-10-04 08:30:32,3
2023-10-04 08:30:32,1
2023-10-04 08:30:32,2
2023-10-04 08:30:33,4
2023-10-04 08:30:33,6
2023-10-04 08:30:33,5
2023-10-04 08:30:34,2
2023-10-04 08:30:34,4
2023-10-04 08:30:34,4
2023-10-04 08:30:35,2
2023-10-04 08:30:35,3
2023-10-04 08:30:35,3
2023-10-04 08:30:36,0
2023-10-04 08:30:36,0
2023-10-04 08:30:36,0
2023-10-04 08:30:37,0
2023-10-04 08:30:37,0
2023-10-04 08:30:37,0
2023-10-04 08:30:38,3
2023-10-04 08:30:38,5
2023-10-04 08:30:38,3
2023-10-04 08:30:39,3
2023-10-04 08:30:39,2
2023-10-04 08:30:39,4
2023-10-04 08:30:40,3
2023-10-04 08:30:40,3
2023-10-04 08:30:40,5
2023-10-04 08:30:41,4
2023-10-04 08:30:41,2
2023-10-04 08:30:41,1
2023-10-04 08:30:42,1
2023-10-04 08:30:42,1
2023-10-04 08:30:42,2
2023-10-04 08:30:43,2
2023-10-04 08:30:43,2
2023-10-04 08:30:43,1
2023-10-04 08:30:44,1
2023-10-04 08:30:44,1
2023-10-04 08:30:45,1
2023-10-04 08:30:45,2
2023-10-04 08:30:45,1
2023-10-04 08:30:46,1
2023-10-04 08:30:46,1
2023-10-04 08:30:46,1
2023-10-04 08:30:47,2
2023-10-04 08:30:47,2
2023-10-04 08:30:47,1
2023-10-04 08:30:48,1
2023-10-04 08:30:48,1
2023-10-04 08:30:48,2
2023-10-04 08:30:49,2
2023-10-04 08:30:49,1
2023-10-04 08:30:50,1
2023-10-04 08:30:50,1
2023-10-04 08:30:50,1
2023-10-04 08:30:51,2
2023-10-04 08:30:51,1
2023-10-04 08:30:51,2
2023-10-04 08:30:51,1
2023-10-04 08:30:52,1
2023-10-04 08:30:52,2
2023-10-04 08:30:52,2
2023-10-04 08:30:53,2
2023-10-04 08:30:53,1
2023-10-04 08:30:53,1
2023-10-04 08:30:54,1
2023-10-04 08:30:54,1
